title,type,question,A,B,C,D,answer,image
Penang PPD Barat Daya F5,radio,F5 Bab 1,A,B,C,D,C,Picture22.png
,radio,F5 Bab 2,A,B,C,D,A,Picture23.png
,radio,F5 Bab 2,A,B,C,D,A,Picture24.png
,radio,F5 Bab 3,A,B,C,D,C,Picture25.png
,radio,F5 Bab 3,A,B,C,D,A,Picture26.png
,radio,F5 Bab 3,A,B,C,D,D,Picture27.png
,radio,F5 Bab 4,A,B,C,D,B,Picture28.png
,radio,F5 Bab 4,A,B,C,D,D,Picture29.png
,radio,F5 Bab 4,A,B,C,D,B,Picture30.png
,radio,F5 Bab 4,A,B,C,D,A,Picture31.png
,radio,F5 Bab 4,A,B,C,D,B,Picture32.png
,radio,F5 Bab 5,A,B,C,D,C,Picture33.png
,radio,F5 Bab 5,A,B,C,D,C,Picture34.png
,radio,F5 Bab 6,A,B,C,D,D,Picture35.png
,radio,F5 Bab 6,A,B,C,D,C,Picture36.png
,radio,F5 Bab 6,A,B,C,D,C,Picture37.png
,radio,F5 Bab 7,A,B,C,D,B,Picture38.png
,radio,F5 Bab 7,A,B,C,D,D,Picture39.png
,radio,F5 Bab 7,A,B,C,D,A,Picture40.png
