title,type,question,A,B,C,D,answer,image,explanation
MRSM 2026 F4,radio,F4 Bab 1,A,B,C,D,D,Picture1.png,"中文：一个会计期间内，按步骤处理交易、过账、试算及编制报表的流程称为会计循环 Kitaran Perakaunan。
Bahasa Melayu: Kitaran Perakaunan ialah tatacara mengolah urus niaga, membuat catatan dan menyediakan laporan sepanjang satu tempoh kewangan."
,radio,F4 Bab 1,A,B,C,D,C,Picture2.png,"中文：租金以 RM 表示，体现货币计量；本期尚未支付的租金也确认为费用，体现收入与费用确认原则，因此选 II、III。
Bahasa Melayu: Amaun sewa dinyatakan dalam RM, memenuhi andaian wang sebagai ukuran. Sewa belum dibayar turut diiktiraf sebagai belanja, memenuhi prinsip pengiktirafan hasil dan belanja; II dan III."
,radio,F4 Bab 1,A,B,C,D,A,Picture3.png,"中文：按题目把私人诊所视为独资企业，业主承担无限责任，企业债务可能涉及业主私人财产。
Bahasa Melayu: Klinik persendirian dalam soalan dianggap milikan tunggal. Pemilik menanggung liabiliti tidak terhad, termasuk penggunaan harta peribadi untuk menjelaskan hutang perniagaan."
,radio,F4 Bab 2,A,B,C,D,C,Picture4.png,"中文：饭店的主要业务是售卖食物，因此食物销售是营业收入；存款利息、投资股息及资产出售收益不是主营收入。
Bahasa Melayu: Aktiviti utama kedai makanan ialah menjual makanan. Jualan makanan merupakan hasil operasi, manakala faedah, dividen dan untung pelupusan ialah hasil bukan operasi."
,radio,F4 Bab 2,A,B,C,D,C,Picture5.png,"中文：售出存货成本 = 2,000 × 50% = RM1,000；赊销增加应收账款 RM1,500，利润增加 1,500 − 1,000 = RM500。
Bahasa Melayu: Kos inventori dijual = RM2,000 × 50% = RM1,000. Jualan kredit menambah ABT RM1,500 dan untung RM1,500 − RM1,000 = RM500; jawapan C."
,radio,F4 Bab 3,A,B,C,D,C,Picture6.png,"中文：商业文件可以证明交易确实发生，并在警方调查时成为证据，这是本题答案纸所选的用途。
Bahasa Melayu: Dokumen perniagaan menjadi bukti bahawa urus niaga berlaku dan boleh digunakan sebagai bahan bukti dalam siasatan polis; jawapan C mengikut skema."
,radio,F4 Bab 3,A,B,C,D,C,Picture7.png,"中文：借项通知单用来增加原发票少收的金额，贷项通知单用来减少多收金额或处理退货，因此 II、III 都能更正发票。
Bahasa Melayu: Nota Debit menambah amaun invois yang terkurang caj, manakala Nota Kredit mengurangkan terlebih caj atau merekod pulangan. Kedua-duanya membetulkan invois; II dan III."
,radio,F4 Bab 3,A,B,C,D,A,Picture8.png,"中文：供应商发出账目结单，目的是告知客户尚须偿还的债务总额并提醒付款。
Bahasa Melayu: Penyata Akaun dikeluarkan oleh pembekal untuk memaklumkan jumlah hutang pelanggan yang perlu dijelaskan."
,radio,F4 Bab 4,A,B,C,D,D,Picture9.png,"中文：赊账提供主要业务的复印服务及赊销书本，都记录在销售日记账。现金销售另记现金簿，出售陈列架是资产处置。
Bahasa Melayu: Perkhidmatan fotostat secara kredit dan jualan buku secara kredit berkaitan aktiviti perniagaan, lalu direkodkan dalam Jurnal Jualan. Jualan tunai dan pelupusan rak tidak termasuk; III dan IV."
,radio,F4 Bab 4,A,B,C,D,C,Picture10.png,"中文：欠款 RM5,400，以支票支付 RM5,300，获得折扣 RM100。现金簿贷方记录银行 RM5,300 及收到折扣 RM100，选 C。
Bahasa Melayu: Hutang RM5,400 dijelaskan dengan cek RM5,300, maka diskaun diterima RM100. Di sebelah kredit Buku Tunai, catat Bank RM5,300 dan Diskaun RM100; C."
,radio,F4 Bab 4,A,B,C,D,C,Picture11.png,"中文：备用金定额 = 58 + 242 = RM300；一月底剩 RM131，二月补回 300 − 131 = RM169，等于一月支出额。
Bahasa Melayu: Jumlah panjar = RM58 + RM242 = RM300. Rekupmen Februari = RM300 − baki RM131 = RM169, sama dengan perbelanjaan Januari."
,radio,F4 Bab 5,A,B,C,D,D,Picture12.png,"中文：分类账分为普通分类账及特殊分类账；特殊分类账包括应收账款与应付账款，所以 P、Q 对应这两类账户。
Bahasa Melayu: Lejar khas terdiri daripada lejar Akaun Belum Terima dan Akaun Belum Bayar. Oleh itu P dan Q ialah ABT dan ABB; D."
,radio,F4 Bab 5,A,B,C,D,B,Picture13.png,"中文：业主用私人支票为企业购买机器，属于投入资本：借记机器、贷记资本 RM8,400，不减少企业银行余额。
Bahasa Melayu: Mesin dibeli menggunakan cek peribadi pemilik, maka merupakan tambahan modal. Debit Akaun Mesin dan kredit Akaun Modal RM8,400; bank perniagaan tidak berkurang."
,radio,F4 Bab 5,A,B,C,D,C,Picture14.png,"中文：应付账款余额 = 12,450 + 3,850 − 210 − 4,500 = RM11,590。销售退回 Pulangan Masuk 不涉及供应商欠款。
Bahasa Melayu: Baki ABB = RM12,450 + belian kredit RM3,850 − diskaun diterima RM210 − bayaran RM4,500 = RM11,590. Pulangan masuk tidak melibatkan hutang pembekal."
,radio,F4 Bab 6,A,B,C,D,D,Picture15.png,"中文：未付杂费 Kadar Bayaran Belum Bayar 属流动负债，在试算表列贷方。贷款利息费用应借记，存款利息及未赚取佣金应贷记。
Bahasa Melayu: Kadar Bayaran Belum Bayar ialah liabiliti semasa dan berbaki kredit dalam Imbangan Duga. Faedah pinjaman berbaki debit, manakala faedah simpanan dan komisen belum terperoleh berbaki kredit."
,radio,F4 Bab 7,A,B,C,D,A,Picture16.png,"中文：发给客户的贷项通知单表示销售退回，存货数量增加一套，按成本 RM150 记录在进货栏，不能用售价 RM260。
Bahasa Melayu: Nota kredit kepada pelanggan menunjukkan pulangan jualan. Satu set syampu direkodkan pada ruangan masuk dengan harga kos RM150, bukan harga jualan RM260."
,radio,F4 Bab 7,A,B,C,D,B,Picture17.png,"中文：可供销售货品成本由期初存货与购货净成本构成，选 I 购货、IV 期初存货。期末存货用于下一步计算销货成本。
Bahasa Melayu: Kos barang untuk dijual terdiri daripada inventori awal dan belian bersih. Pilih I dan IV; inventori akhir digunakan kemudian untuk menentukan kos jualan."
,radio,F4 Bab 7,A,B,C,D,D,Picture18.png,"中文：期末存货按成本与市价较低者 RM4,200 计量；借记存货 RM4,200，贷记交易账户 RM4,200。
Bahasa Melayu: Inventori akhir dinilai pada harga lebih rendah, RM4,200. Debit Akaun Inventori dan kredit Akaun Perdagangan RM4,200; D."
,radio,F4 Bab 8,A,B,C,D,D,Picture19.png,"中文：本年佣金收入 = 实收 RM3,250 + 期初预收 RM120 + 期末应收 RM300 = RM3,670。前两项分别属于本年已收及以前预收转为本年赚取的收入。
Bahasa Melayu: Hasil komisen = tunai diterima RM3,250 + komisen belum terperoleh awal RM120 + komisen belum terima akhir RM300 = RM3,670."
,radio,F4 Bab 8,A,B,C,D,A,Picture20.png,"中文：坏账收回是以前已经注销的欠款，后来由债务人偿还，应确认为收入。
Bahasa Melayu: Hutang lapuk terpulih ialah hutang yang telah dihapuskan tetapi kemudiannya dijelaskan semula oleh penghutang; diiktiraf sebagai hasil."
,radio,F4 Bab 8,A,B,C,D,A,Picture21.png,"中文：调整前账面值 = 12,000 − 1,800 = RM10,200；本年折旧 = 10,200 × 15% = RM1,530；出售时账面值 RM8,670。出售利润 = 9,300 − 8,670 = RM630。
Bahasa Melayu: Nilai buku sebelum susut nilai semasa = RM12,000 − RM1,800 = RM10,200. Susut nilai = RM10,200 × 15% = RM1,530. Nilai buku pelupusan RM8,670; untung = RM9,300 − RM8,670 = RM630."
,radio,F4 Bab 9,A,B,C,D,D,Picture22.png,"中文：购货运费少记 RM50，销货运费多记 RM50，两项金额错误互相抵消，属于抵消性错误。
Bahasa Melayu: Angkutan masuk terkurang RM50 dan angkutan keluar terlebih RM50. Kedua-dua kesilapan saling mengimbangi; jawapan D."
,radio,F4 Bab 9,A,B,C,D,B,Picture23.png,"中文：维修办公设备是费用，不是购入资产。更正时把 RM1,000 从资产转入维修费用，因此费用增加、资产及利润减少。
Bahasa Melayu: Pembaikan alatan pejabat ialah belanja, bukannya aset. Pembetulan memindahkan RM1,000 daripada aset kepada belanja pembaikan, lalu belanja bertambah."
